Depth,Height,Column,Block
0,0,0,wotr:processor_block_3
1,0,0,minecraft:cobblestone
2,0,0,minecraft:cracked_stone_bricks
3,0,0,minecraft:rooted_dirt
4,0,0,minecraft:dripstone_block
5,0,0,minecraft:stone
0,0,1,wotr:processor_block_3_directional_pillar
1,0,1,minecraft:stripped_jungle_log
2,0,1,minecraft:stripped_jungle_wood
0,0,2,wotr:processor_block_3_slab
1,0,2,minecraft:cobblestone_slab
2,0,2,minecraft:stone_slab
0,0,3,wotr:processor_block_3_stairs
1,0,3,minecraft:cobblestone_stairs
2,0,3,minecraft:stone_stairs
0,0,4,wotr:processor_block_3_wall
1,0,4,minecraft:cobblestone_wall
0,0,5,wotr:processor_block_3_button
1,0,5,minecraft:jungle_button
0,0,6,wotr:processor_block_3_pressure_plate
1,0,6,minecraft:jungle_pressure_plate
0,0,7,wotr:processor_block_3_fence
1,0,7,minecraft:jungle_fence
0,0,8,wotr:processor_block_3_fence_gate
1,0,8,minecraft:jungle_fence_gate
0,0,9,wotr:processor_block_3_glass
1,0,9,minecraft:light_gray_stained_glass
0,0,10,wotr:processor_block_3_glass_pane
1,0,10,minecraft:iron_bars
0,0,11,wotr:processor_block_3_trapdoor
1,0,11,minecraft:jungle_trapdoor
2,1,0,minecraft:cracked_stone_bricks
3,1,0,minecraft:rooted_dirt
4,1,0,minecraft:dripstone_block
5,1,0,minecraft:stone
3,2,0,minecraft:rooted_dirt
