Column,ProcessorType,BlockCounts
0,wotr:processor_block_3,"{""minecraft:cobblestone"": 1, ""minecraft:cracked_stone_bricks"": 2, ""minecraft:rooted_dirt"": 3, ""minecraft:dripstone_block"": 2, ""minecraft:stone"": 2}"
1,wotr:processor_block_3_directional_pillar,"{""minecraft:stripped_jungle_log"": 1, ""minecraft:stripped_jungle_wood"": 1}"
2,wotr:processor_block_3_slab,"{""minecraft:cobblestone_slab"": 1, ""minecraft:stone_slab"": 1}"
3,wotr:processor_block_3_stairs,"{""minecraft:cobblestone_stairs"": 1, ""minecraft:stone_stairs"": 1}"
4,wotr:processor_block_3_wall,"{""minecraft:cobblestone_wall"": 1}"
5,wotr:processor_block_3_button,"{""minecraft:jungle_button"": 1}"
6,wotr:processor_block_3_pressure_plate,"{""minecraft:jungle_pressure_plate"": 1}"
7,wotr:processor_block_3_fence,"{""minecraft:jungle_fence"": 1}"
8,wotr:processor_block_3_fence_gate,"{""minecraft:jungle_fence_gate"": 1}"
9,wotr:processor_block_3_glass,"{""minecraft:light_gray_stained_glass"": 1}"
10,wotr:processor_block_3_glass_pane,"{""minecraft:iron_bars"": 1}"
11,wotr:processor_block_3_trapdoor,"{""minecraft:jungle_trapdoor"": 1}"
